name,latitude,longitude,country,base_fob_name
Buhasa,23.599722,53.379444,United Arab Emirates,Buhasa
Medina Zayed,23.651944,53.820556,United Arab Emirates,Medina Zayed
Safran Air Force Base,23.651944,53.820556,United Arab Emirates,Safran Air Force Base
Al Hamra Aux,24.073981,52.463644,United Arab Emirates,Al Hamra Aux
Buraimi (Aut),24.23,55.78,United Arab Emirates,Buraimi (Aut)
Al Dhafra,24.248249,54.547722,United Arab Emirates,Al Dhafra
Al Ain Intl,24.261667,55.609167,United Arab Emirates,Al Ain Intl
Bateen,24.428333,54.458056,United Arab Emirates,Bateen
Abu Dhabi Intl,24.433056,54.651111,United Arab Emirates,Abu Dhabi Intl
Al Maktoum Intl Airport,24.896211,55.155534,United Arab Emirates,Al Maktoum Intl Airport
Dubai Minhad Ab,25.026819,55.366244,United Arab Emirates,Dubai Minhad Ab
Fujairah Intl,25.112222,56.324167,United Arab Emirates,Fujairah Intl
Dubai Intl,25.252778,55.364444,United Arab Emirates,Dubai Intl
Sharjah Intl,25.329167,55.516111,United Arab Emirates,Sharjah Intl
Ras Al Khaimah Intl,25.613333,55.938889,United Arab Emirates,Ras Al Khaimah Intl
Alizi,30.194167,66.009444,Afghanistan,Alizi
Deshoo,30.43,63.3,Afghanistan,Deshoo
Fob Rhino,30.48633564,64.52526351,Afghanistan,Fob Rhino
Taghaz,30.535833,63.476944,Afghanistan,Taghaz
Pay Banadar,30.543,63.9632,Afghanistan,Pay Banadar
Pay Banadir,30.543,63.9632,Afghanistan,Pay Banadir
Khan Nashin,30.548611,63.788611,Afghanistan,Khan Nashin
Khan Neshin Castle,30.548611,63.788611,Afghanistan,Khan Neshin Castle
Durzay,30.664167,64.068333,Afghanistan,Durzay
Zaranj Afld,30.97244607,61.86582178,Afghanistan,Zaranj Afld
Kostay,30.9725,64.176667,Afghanistan,Kostay
Kushtay,30.9725,64.176667,Afghanistan,Kushtay
Fob Spin Buldak,30.983,66.35,Afghanistan,Fob Spin Buldak
Boldak,31.008056,66.398056,Afghanistan,Boldak
Dwyer,31.101111,64.067222,Afghanistan,Dwyer
Fob Dwyer,31.101111,64.067222,Afghanistan,Fob Dwyer
Bury,31.116667,64.2,Afghanistan,Bury
Abp Hq,31.125556,64.211111,Afghanistan,Abp Hq
Amir Agha,31.125556,64.211111,Afghanistan,Amir Agha
Barcha,31.125556,64.211111,Afghanistan,Barcha
Gam Ser,31.125556,64.211111,Afghanistan,Gam Ser
Darvishan,31.128889,64.192222,Afghanistan,Darvishan
Dc Garmser,31.13210413,64.19806002,Afghanistan,Dc Garmser
Momenkhan,31.234444,65.985278,Afghanistan,Momenkhan
Gowragi,31.453333,64.349722,Afghanistan,Gowragi
Tarnak,31.4547,65.8286,Afghanistan,Tarnak
Mushan,31.465278,65.261111,Afghanistan,Mushan
Robinson,31.4656,65.3242,Afghanistan,Robinson
Talukan,31.4656,65.3242,Afghanistan,Talukan
Gorgan,31.4707,65.5745,Afghanistan,Gorgan
Gurgan,31.4707,65.5745,Afghanistan,Gurgan
Bandini,31.473889,64.031389,Afghanistan,Bandini
Zangabad,31.475556,65.386111,Afghanistan,Zangabad
Babaghday,31.482222,65.278056,Afghanistan,Babaghday
Nalgham,31.495278,65.314167,Afghanistan,Nalgham
Fob Sperwan Gar,31.49774118,65.41841645,Afghanistan,Fob Sperwan Gar
Seperwan,31.498056,65.425556,Afghanistan,Seperwan
Sperwan Ghar,31.498056,65.425556,Afghanistan,Sperwan Ghar
Kandahar Airport,31.50332905,65.84944466,Afghanistan,Kandahar Airport
Beatley,31.516667,64.116667,Afghanistan,Beatley
Beirut,31.516667,64.116667,Afghanistan,Beirut
Bishop,31.516667,64.116667,Afghanistan,Bishop
Azimijan Kariz Ap,31.518333,65.238889,Afghanistan,Azimijan Kariz Ap
Jawkari,31.520278,65.154167,Afghanistan,Jawkari
Coutu,31.521944,64.1225,Afghanistan,Coutu
Marjah,31.522,64.1185,Afghanistan,Marjah
Diwar,31.5294,65.3298,Afghanistan,Diwar
Haji Ramuddin II,31.5343,65.4103,Afghanistan,Haji Ramuddin II
Lakhokhel,31.5364,65.3055,Afghanistan,Lakhokhel
Fob Panjawi,31.54044913,65.44900281,Afghanistan,Fob Panjawi
Ap Kolk,31.542778,65.370278,Afghanistan,Ap Kolk
Burmohammad,31.543056,65.394722,Afghanistan,Burmohammad
Fob Zeldelmeyer,31.54864798,65.43952818,Afghanistan,Fob Zeldelmeyer
Ghariban,31.549722,65.393056,Afghanistan,Ghariban
Bust,31.55,64.367,Afghanistan,Bust
Walakan,31.551944,65.638611,Afghanistan,Walakan
Pashmul South,31.556944,65.434167,Afghanistan,Pashmul South
Bost Afld,31.55916561,64.36416574,Afghanistan,Bost Afld
Ashoque,31.575833,65.426667,Afghanistan,Ashoque
Makuan,31.579444,65.467778,Afghanistan,Makuan
Ap Makuan,31.579722,66.0225,Afghanistan,Ap Makuan
Fob Pasab,31.582739,65.433539,Afghanistan,Fob Pasab
Fob Wilson,31.582739,65.433539,Afghanistan,Fob Wilson
Cp 7-4,31.593333,65.611111,Afghanistan,Cp 7-4
Cp 72,31.593336,65.610981,Afghanistan,Cp 72
Nawa Valley,31.593336,65.610981,Afghanistan,Nawa Valley
Lashkar Gar,31.593611,64.371389,Afghanistan,Lashkar Gar
Now Ruzi,31.599444,65.551389,Afghanistan,Now Ruzi
Lashkar Gah Prt,31.6013887,64.36972438,Afghanistan,Lashkar Gah Prt
Daman Distric Hqs,31.619722,65.897222,Afghanistan,Daman Distric Hqs
Sanzaray,31.621111,65.529167,Afghanistan,Sanzaray
Senjaray,31.621111,65.529167,Afghanistan,Senjaray
Sindzaray,31.621111,65.529167,Afghanistan,Sindzaray
Kandahar Prt,31.63102764,65.73555663,Afghanistan,Kandahar Prt
Ramrod,31.633,64.95,Afghanistan,Ramrod
Sakari Karez,31.633,64.95,Afghanistan,Sakari Karez
Fob Graceland,31.63764411,65.68344893,Afghanistan,Fob Graceland
Fb Maholic,31.64666396,65.68249591,Afghanistan,Fb Maholic
Arghandab Dcp,31.654722,65.649444,Afghanistan,Arghandab Dcp
Fb Atghar,31.7311068,67.36083052,Afghanistan,Fb Atghar
Sarbande Shamalan Kalay,31.732222,64.338611,Afghanistan,Sarbande Shamalan Kalay
Shamalan,31.732222,64.338611,Afghanistan,Shamalan
Bsp Terwa,31.79417867,68.40195321,Afghanistan,Bsp Terwa
Doa China,31.79928045,68.88063667,Afghanistan,Doa China
Fob Price,31.80833286,64.51832525,Afghanistan,Fob Price
Gereshk,31.82,64.5705,Afghanistan,Gereshk
Camp Bastion,31.856667,64.220833,Afghanistan,Camp Bastion
Camp Shorabak,31.856667,64.220833,Afghanistan,Camp Shorabak
Fob Tombstone,31.86345202,64.1950766,Afghanistan,Fob Tombstone
Bouresches,31.863889,64.208056,Afghanistan,Bouresches
Chosin,31.863889,64.208056,Afghanistan,Chosin
Leatherneck,31.863889,64.208056,Afghanistan,Leatherneck
Fob Tiger,31.8666673,65.84751555,Afghanistan,Fob Tiger
Frontenac,31.867,65.833,Afghanistan,Frontenac
Fob Shumalzi,31.90907353,67.64593535,Afghanistan,Fob Shumalzi
Ap Pa'In Kelay,31.945833,66.014167,Afghanistan,Ap Pa'In Kelay
Aziz Ullah,31.945833,66.014167,Afghanistan,Aziz Ullah
Camp Foxtrot,31.94680231,66.67957056,Afghanistan,Camp Foxtrot
Fob Wolverine,31.95,67.033,Afghanistan,Fob Wolverine
Fb Sweeney,31.97900069,67.36191993,Afghanistan,Fb Sweeney
Fathollah,32.0021,67.0355,Afghanistan,Fathollah
Fathollah Kheyl,32.0021,67.0355,Afghanistan,Fathollah Kheyl
Dangar,32.0091,67.4548,Afghanistan,Dangar
Fob Robinson,32.01750269,64.82787841,Afghanistan,Fob Robinson
Fob Tiger 2,32.04734915,65.98037033,Afghanistan,Fob Tiger 2
Wishtan,32.060833,64.853056,Afghanistan,Wishtan
Dc Sangin,32.07154325,64.838243,Afghanistan,Dc Sangin
Alcatraz,32.073333,64.833889,Afghanistan,Alcatraz
Almas,32.073333,64.833889,Afghanistan,Almas
Amoo,32.073333,64.833889,Afghanistan,Amoo
Bariolai,32.073333,64.833889,Afghanistan,Bariolai
Cuba,32.073333,64.833889,Afghanistan,Cuba
FOB Jackson,32.075833,64.831944,Afghanistan,FOB Jackson
Fob Sabit Qadam,32.075833,64.831944,Afghanistan,Fob Sabit Qadam
Fob Shukvani,32.1,64.38,Afghanistan,Fob Shukvani
Qalat Prt,32.10444307,66.91361045,Afghanistan,Qalat Prt
Fob Khakrez,32.10500574,65.71398729,Afghanistan,Fob Khakrez
Camp Qalat,32.11132231,66.90800721,Afghanistan,Camp Qalat
Plateau,32.11387919,66.94906563,Afghanistan,Plateau
Fob Apache,32.11833714,66.8883371,Afghanistan,Fob Apache
Kalat,32.12,66.89,Afghanistan,Kalat
Laghman Cop,32.12983509,66.92864471,Afghanistan,Laghman Cop
Fob Lagman,32.13,66.929722,Afghanistan,Fob Lagman
Fob Fox,32.15184866,64.95996326,Afghanistan,Fob Fox
Delaram District Center,32.1588,63.4331,Afghanistan,Delaram District Center
Lam,32.1609,65.3796,Afghanistan,Lam
Barrows,32.164167,63.426667,Afghanistan,Barrows
Mizan,32.175,66.5167,Afghanistan,Mizan
Fb Masoud,32.18956485,66.72942426,Afghanistan,Fb Masoud
Fob Waza Khwa,32.19482465,68.36067679,Afghanistan,Fob Waza Khwa
Charlie 77,32.199444,68.363611,Afghanistan,Charlie 77
Wazi Khwa,32.199444,68.363611,Afghanistan,Wazi Khwa
Wazakhaw,32.2,68.367,Afghanistan,Wazakhaw
Fb Natkhel,32.20399787,67.63875104,Afghanistan,Fb Natkhel
Bandar,32.209444,68.324722,Afghanistan,Bandar
Curry,32.209444,68.324722,Afghanistan,Curry
Gomal,32.209444,68.324722,Afghanistan,Gomal
Fob Kodiak,32.22232112,66.41332382,Afghanistan,Fob Kodiak
Fob Martello,32.22491371,66.11150271,Afghanistan,Fob Martello
Nawa Cop,32.2271328,67.77703193,Afghanistan,Nawa Cop
Shir Ghazay,32.232222,64.698056,Afghanistan,Shir Ghazay
Padlek,32.232778,64.769722,Afghanistan,Padlek
Backwa,32.25,62.95,Afghanistan,Backwa
Fb Nawa,32.32047704,67.88816147,Afghanistan,Fb Nawa
Athens,32.321944,65.118889,Afghanistan,Athens
Dc Kajaki,32.32594619,65.10113229,Afghanistan,Dc Kajaki
Fb Carlson,32.33743006,68.93719968,Afghanistan,Fb Carlson
Dc Musa Qaleh,32.34800269,64.77252002,Afghanistan,Dc Musa Qaleh
Fob Pacemaker,32.35,66.083,Afghanistan,Fob Pacemaker
Fob Farah,32.36763716,62.15840019,Afghanistan,Fob Farah
Anp Hill,32.39786684,64.46225014,Afghanistan,Anp Hill
Dc Nowzad,32.40258907,64.46727027,Afghanistan,Dc Nowzad
Now Zad,32.403056,64.469444,Afghanistan,Now Zad
Zabul Ag,32.41,66.73,Afghanistan,Zabul Ag
Lane Cop,32.41138503,66.80916832,Afghanistan,Lane Cop
Fob Almaasak,32.41483047,67.31375909,Afghanistan,Fob Almaasak
Camp Echo,32.41536244,67.31239877,Afghanistan,Camp Echo
Musa Qal'Ah,32.445556,64.744722,Afghanistan,Musa Qal'Ah
Masaw,32.481389,62.036111,Afghanistan,Masaw
Shajoy Ag,32.5,67.4,Afghanistan,Shajoy Ag
Baghtu,32.5,66.033333,Afghanistan,Baghtu
Op South,32.50611078,69.25435165,Afghanistan,Op South
Fob Bushmaster,32.5072744,66.50915975,Afghanistan,Fob Bushmaster
Dukin,32.5116,62.1312,Afghanistan,Dukin
Bsp 213,32.51934522,69.26713388,Afghanistan,Bsp 213
Fob Varner,32.51999802,67.41361286,Afghanistan,Fob Varner
Al Maasak,32.521667,67.413056,Afghanistan,Al Maasak
Bullard,32.521667,67.413056,Afghanistan,Bullard
Baylough,32.5253,66.7486,Afghanistan,Baylough
Op North,32.52576463,69.26880334,Afghanistan,Op North
Fob Shkin,32.53752839,69.19527112,Afghanistan,Fob Shkin
Chakaw,32.5525,64.853056,Afghanistan,Chakaw
Fb Sayegez,32.56620615,67.03575015,Afghanistan,Fb Sayegez
Op Malekshay,32.59365304,69.34086045,Afghanistan,Op Malekshay
Tirin Kot,32.6,65.85,Afghanistan,Tirin Kot
Fob Bruin,32.60108498,68.04027033,Afghanistan,Fob Bruin
Fob Ripley,32.6043465,65.87517419,Afghanistan,Fob Ripley
Buman Demil,32.626667,65.873333,Afghanistan,Buman Demil
Dorafshan,32.626667,65.873333,Afghanistan,Dorafshan
Tarin Kowt,32.626667,65.873333,Afghanistan,Tarin Kowt
Pacemaker,32.62989596,68.26016735,Afghanistan,Pacemaker
Fob Tycz,32.63250093,65.49527562,Afghanistan,Fob Tycz
Fob Bermel,32.63929531,69.26778831,Afghanistan,Fob Bermel
Baylough Cop,32.64347377,66.80062644,Afghanistan,Baylough Cop
Fadzluddin Kalay,32.6498,66.9923,Afghanistan,Fadzluddin Kalay
Faslodeen,32.6498,66.9923,Afghanistan,Faslodeen
Khak-E Safed,32.654167,62.104167,Afghanistan,Khak-E Safed
Fb Arghandab,32.65840045,67.16783542,Afghanistan,Fb Arghandab
Musazai,32.6654,66.0091,Afghanistan,Musazai
Fob Kushamond,32.72364301,68.36484849,Afghanistan,Fob Kushamond
Fob Warrior,32.7366628,67.62833133,Afghanistan,Fob Warrior
Boris,32.753889,69.301111,Afghanistan,Boris
Margah,32.7718986,69.32917384,Afghanistan,Margah
Fb Kharney,32.78455573,67.28827127,Afghanistan,Fb Kharney
Mokur,32.8,67.633,Afghanistan,Mokur
Fb Khakkeran,32.83514473,67.10146309,Afghanistan,Fb Khakkeran
Fb Ab Band,32.83716293,68.13164584,Afghanistan,Fb Ab Band
Khayr-Khot-Castle Co,32.85608593,68.44960762,Afghanistan,Khayr-Khot-Castle Co
Urgoon,32.933,69.15,Afghanistan,Urgoon
Cop Spera,32.933,69.45,Afghanistan,Cop Spera
Fob Tillman,32.933,69.45,Afghanistan,Fob Tillman
Fob Orgun-E,32.93416318,69.15527592,Afghanistan,Fob Orgun-E
Yahya Kheyl,32.935278,68.646111,Afghanistan,Yahya Kheyl
Fob Cobra,32.94305119,65.56555173,Afghanistan,Fob Cobra
Fb Anaconda,32.94404911,66.6400438,Afghanistan,Fb Anaconda
Ab Band,32.983611,67.968611,Afghanistan,Ab Band
Tillman Op 4,32.99666267,69.48638506,Afghanistan,Tillman Op 4
Fb Cervantes,33.03067597,69.48224564,Afghanistan,Fb Cervantes
Bakhar,33.103333,68.274444,Afghanistan,Bakhar
Kuhak,33.115833,62.134444,Afghanistan,Kuhak
Cop Aryan,33.1166666,68.0333333,Afghanistan,Cop Aryan
Bsp 5,33.12055861,69.58028135,Afghanistan,Bsp 5
Sharana,33.128889,68.839167,Afghanistan,Sharana
Bsp 4,33.13746141,69.91667066,Afghanistan,Bsp 4
Narizah,33.156111,69.704167,Afghanistan,Narizah
Zerok,33.158056,69.312778,Afghanistan,Zerok
Bsp 3,33.16407038,70.02089614,Afghanistan,Bsp 3
Fob Paktika,33.16999955,68.78999609,Afghanistan,Fob Paktika
Mashal,33.176944,67.462778,Afghanistan,Mashal
Arian,33.196667,68.107778,Afghanistan,Arian
Salerno,33.21,69.57,Afghanistan,Salerno
Bowri Tanah,33.227778,69.940556,Afghanistan,Bowri Tanah
Tani Cop,33.23735914,69.81896673,Afghanistan,Tani Cop
Mata Khan,33.24,68.866111,Afghanistan,Mata Khan
Bsp 2,33.26396939,70.15595789,Afghanistan,Bsp 2
Chergotah,33.28651438,70.20471907,Afghanistan,Chergotah
Fb Gloria,33.2774129,70.01161523,Afghanistan,Fb Gloria
Tellier,33.28,69.22,Afghanistan,Tellier
Bsp 1,33.28651438,70.20471907,Afghanistan,Bsp 1
Bande Sarde,33.294167,68.633611,Afghanistan,Bande Sarde
Shindand,33.302778,62.147222,Afghanistan,Shindand
Thomas,33.302778,62.147222,Afghanistan,Thomas
Miri-Base Cop,33.31138481,67.36555194,Afghanistan,Miri-Base Cop
Sarday Ag,33.32,68.5,Afghanistan,Sarday Ag
Band E Sardeh Afld,33.32082993,68.63666456,Afghanistan,Band E Sardeh Afld
Miri Dc,33.32114456,68.43981584,Afghanistan,Miri Dc
Camp Clark,33.32515352,69.7714391,Afghanistan,Camp Clark
Four-Corners Cop,33.32673227,68.50682526,Afghanistan,Four-Corners Cop
Fob Chapman,33.33720838,69.95780189,Afghanistan,Fob Chapman
Khowst Prt,33.33980629,69.95732946,Afghanistan,Khowst Prt
Camp Khowst,33.34429494,69.73239428,Afghanistan,Camp Khowst
Khost,33.35,69.95,Afghanistan,Khost
Wilderness,33.36863212,69.41053149,Afghanistan,Wilderness
Bsp 6,33.37144702,70.28391628,Afghanistan,Bsp 6
Shindad Afld,33.39137446,62.26109311,Afghanistan,Shindad Afld
Fob Shindand,33.392222,62.261111,Afghanistan,Fob Shindand
Deysie,33.425278,69.375,Afghanistan,Deysie
Dasht,33.4263,65.7856,Afghanistan,Dasht
Zormat,33.437778,69.0275,Afghanistan,Zormat
Terezayi,33.465833,70.090556,Afghanistan,Terezayi
Fob Buckeye,33.49583388,69.99470714,Afghanistan,Fob Buckeye
Ghazni,33.5,68.4,Afghanistan,Ghazni
Fob Ghazni,33.50361185,68.40888545,Afghanistan,Fob Ghazni
Bak Cop,33.52989214,70.02322562,Afghanistan,Bak Cop
Ghazni Prt,33.53179321,68.41556479,Afghanistan,Ghazni Prt
Sabari,33.550833,62.882222,Afghanistan,Sabari
Gardiz,33.5666666,69.25,Afghanistan,Gardiz
Fob Gardez,33.57334896,69.24825694,Afghanistan,Fob Gardez
Fob Lightning,33.58043184,69.27274926,Afghanistan,Fob Lightning
Bsp 9,33.6322257,70.14805625,Afghanistan,Bsp 9
Divlak,33.635556,68.073056,Afghanistan,Divlak
Adraskan,33.6425,62.267222,Afghanistan,Adraskan
Cherokee,33.65,68.9,Afghanistan,Cherokee
Chamkani,33.808056,69.818333,Afghanistan,Chamkani
Dand Patan,33.8185,69.9402,Afghanistan,Dand Patan
Bsp 11,33.83359276,69.92377471,Afghanistan,Bsp 11
Fob Shank,33.921944,69.078056,Afghanistan,Fob Shank
Herrera Hlz,33.921944,69.078056,Afghanistan,Herrera Hlz
Bsp Jaji,33.94012104,69.70884685,Afghanistan,Bsp Jaji
Pol E Alam,33.95,69.033,Afghanistan,Pol E Alam
Fob Logar,33.95087201,69.05194751,Afghanistan,Fob Logar
Bsp 12,33.97767467,69.84199707,Afghanistan,Bsp 12
Fob Pul I Alam,33.99624623,69.02273911,Afghanistan,Fob Pul I Alam
Shahrak,34.1,64.3,Afghanistan,Shahrak
Chak Dc,34.106728,68.578339,Afghanistan,Chak Dc
Fob Stone,34.1166666,62.2166666,Afghanistan,Fob Stone
Slayer,34.1166666,62.2166666,Afghanistan,Slayer
Striker,34.1166666,62.2166666,Afghanistan,Striker
Camp Victory,34.12194784,62.23159247,Afghanistan,Camp Victory
Fob Kalagush,34.133,70.383,Afghanistan,Fob Kalagush
Landikotal,34.133,71.067,Afghanistan,Landikotal
Camp Torkham,34.14502585,71.06843818,Afghanistan,Camp Torkham
Ghazi Abad Ag,34.183,70.817,Afghanistan,Ghazi Abad Ag
Comanche,34.194167,69.980278,Afghanistan,Comanche
JCOP Sherzad,34.194167,69.980278,Afghanistan,JCOP Sherzad
Fob Lonestar,34.19732049,70.26232244,Afghanistan,Fob Lonestar
Herat Afld,34.20591191,62.22775949,Afghanistan,Herat Afld
Fob Khogyani,34.26569353,70.19667453,Afghanistan,Fob Khogyani
Dowranay,34.2871,68.847,Afghanistan,Dowranay
Durani,34.2871,68.847,Afghanistan,Durani
Omc-A,34.31090402,69.10219536,Afghanistan,Omc-A
Jalalabad Rtc 1,34.31360734,70.61444941,Afghanistan,Jalalabad Rtc 1
Ghaziabad,34.32,70.77,Afghanistan,Ghaziabad
Herat Prt,34.35722509,62.20055946,Afghanistan,Herat Prt
Blackhawk,34.366667,68.8,Afghanistan,Blackhawk
Nerkh,34.366667,68.8,Afghanistan,Nerkh
Camp Airborne Hlz,34.383,68.867,Afghanistan,Camp Airborne Hlz
Fob Panjaw,34.38722159,67.02305699,Afghanistan,Fob Panjaw
Fob Khamard,34.38999571,67.81000031,Afghanistan,Fob Khamard
Fob Wardak,34.39130116,68.8676164,Afghanistan,Fob Wardak
Airborne,34.395833,68.878333,Afghanistan,Airborne
Wardak Cop,34.39861217,68.86500464,Afghanistan,Wardak Cop
Jalalabad Afld,34.39916453,70.49944302,Afghanistan,Jalalabad Afld
Sabol,34.414167,61.533611,Afghanistan,Sabol
Sabulughay,34.414167,61.533611,Afghanistan,Sabulughay
Fob Fenty,34.42603092,70.48876869,Afghanistan,Fob Fenty
Zhari Dasht,34.426944,70.829167,Afghanistan,Zhari Dasht
Jbad Pcc,34.43725046,70.44804606,Afghanistan,Jbad Pcc
Camp Julien,34.45515522,69.10952355,Afghanistan,Camp Julien
Camp Darulaman,34.46241772,69.11624002,Afghanistan,Camp Darulaman
Jalrez,34.470556,68.654167,Afghanistan,Jalrez
Qurta,34.511667,69.169444,Afghanistan,Qurta
Fob Gamberi,34.5166666,70.35,Afghanistan,Fob Gamberi
Kabul Detention Fac,34.51794544,69.35072647,Afghanistan,Kabul Detention Fac
Presidential Palace,34.52397004,69.18043733,Afghanistan,Presidential Palace
Karzai Residence,34.52595691,69.1784803,Afghanistan,Karzai Residence
Chaghcharan Afld,34.52666941,65.27167072,Afghanistan,Chaghcharan Afld
Chakhcharan,34.53,65.45,Afghanistan,Chakhcharan
Camp Eggers,34.53027395,69.18027658,Afghanistan,Camp Eggers
Isaf Hq,34.53032773,69.19231765,Afghanistan,Isaf Hq
Kabul Soccer Field,34.533,69.183,Afghanistan,Kabul Soccer Field
Kabul Us Embassy,34.53583155,69.19055401,Afghanistan,Kabul Us Embassy
Camp Warehouse,34.53995426,69.30533051,Afghanistan,Camp Warehouse
Kmtc,34.54464825,69.31418643,Afghanistan,Kmtc
Camp Phoenix,34.54647794,69.26099595,Afghanistan,Camp Phoenix
Camp Souter,34.55318461,69.23576217,Afghanistan,Camp Souter
Camp Blackhorse,34.56024847,69.36931511,Afghanistan,Camp Blackhorse
Kabul International,34.56584374,69.21241437,Afghanistan,Kabul International
Panjshir,34.617,69.717,Afghanistan,Panjshir
Fob Surobi,34.62780941,69.71777541,Afghanistan,Fob Surobi
Fob Kutschbach,34.633,69.717,Afghanistan,Fob Kutschbach
Bad Pakh,34.640833,69.876111,Afghanistan,Bad Pakh
Islam-Qala,34.65,61.57,Afghanistan,Islam-Qala
Methar Lam Prt,34.667,70.2,Afghanistan,Methar Lam Prt
Laghman,34.671389,70.209444,Afghanistan,Laghman
Lagman,34.671389,70.209444,Afghanistan,Lagman
Mehtarlam Ag,34.68,70.2,Afghanistan,Mehtarlam Ag
Bamiyan,34.683,67.8,Afghanistan,Bamiyan
Fob Mehtar Lam,34.68393443,70.19760688,Afghanistan,Fob Mehtar Lam
Dawg Cop,34.71144728,70.95267123,Afghanistan,Dawg Cop
Fortress Op 1,34.71753121,70.94320551,Afghanistan,Fortress Op 1
Fortress Op 2,34.72756474,70.95960254,Afghanistan,Fortress Op 2
Fob Yakawlang,34.73390189,66.97205634,Afghanistan,Fob Yakawlang
Op Seray,34.74250728,70.88109553,Afghanistan,Op Seray
Camp Joyce,34.77550337,71.11206778,Afghanistan,Camp Joyce
Fb Sarkoni,34.77627229,71.11139901,Afghanistan,Fb Sarkoni
Robat Sangi,34.781667,62.122778,Afghanistan,Robat Sangi
Qades,34.783,63.417,Afghanistan,Qades
Qadis Dc,34.80761493,63.42775918,Afghanistan,Qadis Dc
Fob Bamyan,34.8108634,67.82967345,Afghanistan,Fob Bamyan
Bamyan Ard Ag,34.817,67.833,Afghanistan,Bamyan Ard Ag
Op Shiloh,34.8497641,71.12966863,Afghanistan,Op Shiloh
Asadabad Fob,34.85,71.133,Afghanistan,Asadabad Fob
Camp Wright,34.85,71.133,Afghanistan,Camp Wright
Fob Abad,34.85281436,71.13514989,Afghanistan,Fob Abad
Konar Prt,34.85326011,71.13594885,Afghanistan,Konar Prt
Tagab,34.8542,69.6475,Afghanistan,Tagab
Fb Pathfinder,34.8571434,69.6421463,Afghanistan,Fb Pathfinder
Op Bullrun,34.86230902,71.12632794,Afghanistan,Op Bullrun
Fob Fiaz,34.86977259,71.1581112,Afghanistan,Fob Fiaz
Najeel,34.881111,70.11,Afghanistan,Najeel
Najil,34.881111,70.11,Afghanistan,Najil
Op Table Rock,34.88641262,70.90362724,Afghanistan,Op Table Rock
Phoenix Cop,34.88912932,70.90861375,Afghanistan,Phoenix Cop
Vimoto Cop,34.88912932,70.90861375,Afghanistan,Vimoto Cop
Op Atlanta,34.89029318,70.90338851,Afghanistan,Op Atlanta
Restrepo Op,34.89029318,70.90338851,Afghanistan,Restrepo Op
Paygal,34.894722,70.408611,Afghanistan,Paygal
Korengal,34.89567649,70.91366757,Afghanistan,Korengal
Nageel Cop,34.8979771,70.11856832,Afghanistan,Nageel Cop
Op Rock,34.9050488,70.93951572,Afghanistan,Op Rock
Vegas Cop,34.90513892,70.93951784,Afghanistan,Vegas Cop
Reno Cop,34.91306633,70.93992324,Afghanistan,Reno Cop
Honaker-Miracle Cop,34.92740944,71.09154417,Afghanistan,Honaker-Miracle Cop
Pech Op 3,34.93748446,71.00739131,Afghanistan,Pech Op 3
Pech Op 1,34.93822102,71.04430438,Afghanistan,Pech Op 1
Op Chosin Retrans,34.93884168,71.00709594,Afghanistan,Op Chosin Retrans
Combat-Main Cop,34.93934711,71.00651705,Afghanistan,Combat-Main Cop
Op Rock Pride,34.94353648,70.95137088,Afghanistan,Op Rock Pride
Op Raven Retrans 3,34.94389707,71.08167114,Afghanistan,Op Raven Retrans 3
Bagram,34.946111,69.265,Afghanistan,Bagram
Bulldog,34.946111,69.265,Afghanistan,Bulldog
Michigan Cop,34.94647886,70.9534115,Afghanistan,Michigan Cop
Pech Op 2,34.95087434,71.04242864,Afghanistan,Pech Op 2
Fb Nijrab,34.96073441,69.57573322,Afghanistan,Fb Nijrab
Kalagush,34.961944,70.379444,Afghanistan,Kalagush
Fob Morales Frazier,34.96248501,69.57547163,Afghanistan,Fob Morales Frazier
Nangalam Base,34.979722,70.911667,Afghanistan,Nangalam Base
Qala-I-Now,34.98,63.12,Afghanistan,Qala-I-Now
Fob Blessing,34.98559522,70.90307279,Afghanistan,Fob Blessing
Qal-E-Naw Afld,34.98671284,63.11865262,Afghanistan,Qal-E-Naw Afld
Fob Gurney,34.99000288,63.12000512,Afghanistan,Fob Gurney
Op Kreuzberg,35.02893653,71.35444358,Afghanistan,Op Kreuzberg
Fob Monti,35.03122847,71.35340241,Afghanistan,Fob Monti
Asmar Ag,35.033,71.35,Afghanistan,Asmar Ag
Jawand Dc,35.06210247,64.14750551,Afghanistan,Jawand Dc
Bella Cop,35.11777914,70.91930955,Afghanistan,Bella Cop
Ana Post,35.12946884,70.96062619,Afghanistan,Ana Post
Aranas Cop,35.12947771,70.96007771,Afghanistan,Aranas Cop
Fob Bostic,35.13,71.517,Afghanistan,Fob Bostic
Aranas Op 2,35.13009257,70.9610801,Afghanistan,Aranas Op 2
Checkpoint 2.5,35.167222,71.461389,Afghanistan,Checkpoint 2.5
Op Stallion,35.1801383,71.53312949,Afghanistan,Op Stallion
Op Clydesdayle,35.20760413,71.54731598,Afghanistan,Op Clydesdayle
Fob Naray,35.21018274,71.52362883,Afghanistan,Fob Naray
Op Colt,35.22451687,71.49748853,Afghanistan,Op Colt
Op Mustang,35.23377778,71.55217746,Afghanistan,Op Mustang
Kahmard Dc,35.25725647,67.99423646,Afghanistan,Kahmard Dc
Panjshir Prt,35.2792573,69.48009198,Afghanistan,Panjshir Prt
Casablanca Lz,35.27986107,69.48018351,Afghanistan,Casablanca Lz
Fb Bari Kowt,35.28055188,71.53632059,Afghanistan,Fb Bari Kowt
Massouds Tomb Lz,35.29600469,69.49939394,Afghanistan,Massouds Tomb Lz
Fob Paruns,35.31231646,70.86732965,Afghanistan,Fob Paruns
Fob Romero,35.37447762,67.80124856,Afghanistan,Fob Romero
Tala Wa Barfak Dc,35.38599335,68.21702898,Afghanistan,Tala Wa Barfak Dc
Kamu Cop,35.40316929,71.42713377,Afghanistan,Kamu Cop
Op Buzzard,35.40694353,71.60416653,Afghanistan,Op Buzzard
Op Warheit,35.40927763,71.33218472,Afghanistan,Op Warheit
Op Condor,35.41479606,71.62116674,Afghanistan,Op Condor
Lybert Cop,35.42119673,71.61696954,Afghanistan,Lybert Cop
Op Idf,35.42210123,71.61724107,Afghanistan,Op Idf
Kamdesh Cop,35.42250781,71.33000026,Afghanistan,Kamdesh Cop
Bsp Gowardesh,35.43013251,71.61391088,Afghanistan,Bsp Gowardesh
Delorean,35.580278,63.327778,Afghanistan,Delorean
Murghab Dc,35.58184791,63.33330694,Afghanistan,Murghab Dc
Bala-Moorghab,35.6,63.3,Afghanistan,Bala-Moorghab
Khenjan Dc,35.60072937,68.9337269,Afghanistan,Khenjan Dc
Dushi,35.60779612,68.67951437,Afghanistan,Dushi
Banu Dc,35.63022077,69.25615543,Afghanistan,Banu Dc
Fob Barge Matal,35.65776467,71.34139043,Afghanistan,Fob Barge Matal
Ghormach Dc,35.72423764,63.78352517,Afghanistan,Ghormach Dc
Khelegay,35.87,68.7,Afghanistan,Khelegay
Seya Dara Ag,35.87,68.7,Afghanistan,Seya Dara Ag
Dahana-I-Ghori Dc,35.91220763,68.49253989,Afghanistan,Dahana-I-Ghori Dc
Dari-Suf,35.917,67.283,Afghanistan,Dari-Suf
Mimana,35.92,64.77,Afghanistan,Mimana
Maimana Afld,35.93040107,64.76112258,Afghanistan,Maimana Afld
Pole Khumri Dc,35.93330391,68.71669635,Afghanistan,Pole Khumri Dc
Fob Pul-L-Khumr,35.95000357,68.70999482,Afghanistan,Fob Pul-L-Khumr
Pol-E Khomri,35.96,68.69,Afghanistan,Pol-E Khomri
Amarkhel Ag,35.967,68.617,Afghanistan,Amarkhel Ag
Pol-E Khumri Prt,35.96881136,68.69209179,Afghanistan,Pol-E Khumri Prt
Delmar,35.9832,66.7686,Afghanistan,Delmar
Khost Wa Firing Dc,36.01798156,69.57733178,Afghanistan,Khost Wa Firing Dc
Kuran Wa Munjan Dc,36.02731236,70.76576348,Afghanistan,Kuran Wa Munjan Dc
Nahrin Dc,36.06452501,69.12935548,Afghanistan,Nahrin Dc
Kishindih Dc,36.08787502,66.84448304,Afghanistan,Kishindih Dc
Baghlan,36.1,68.65,Afghanistan,Baghlan
Burka Dc,36.22043996,69.154635,Afghanistan,Burka Dc
Aiback,36.3,68,Afghanistan,Aiback
Shulgareh Dc,36.35900825,66.87275429,Afghanistan,Shulgareh Dc
Char Kint Dc,36.47359506,67.32839643,Afghanistan,Char Kint Dc
Zebak Dc,36.52201468,71.340423,Afghanistan,Zebak Dc
Khojibad,36.631944,70.162222,Afghanistan,Khojibad
Camp Spann,36.64893041,66.9952734,Afghanistan,Camp Spann
Kunduz,36.66053835,68.90575143,Afghanistan,Kunduz
Deh Dadi I,36.6659,67.0079,Afghanistan,Deh Dadi I
Shebirghan,36.667,65.717,Afghanistan,Shebirghan
Konduz Prt,36.67270718,68.90409148,Afghanistan,Konduz Prt
Chimtal Dc,36.68330122,66.80000155,Afghanistan,Chimtal Dc
Nahri Shahi Dc,36.68653446,67.1008276,Afghanistan,Nahri Shahi Dc
Khulm Dc,36.69399776,67.69485805,Afghanistan,Khulm Dc
Iskachem,36.7,71.57,Afghanistan,Iskachem
Camp Marmal,36.702312,67.22819,Afghanistan,Camp Marmal
Markaz Feroz Nakhcheer Ag,36.702312,67.22819,Afghanistan,Markaz Feroz Nakhcheer Ag
Eshkashem Dc,36.70546388,71.56754159,Afghanistan,Eshkashem Dc
Mazar E Sharif Afld,36.70721309,67.20967799,Afghanistan,Mazar E Sharif Afld
Ishkashim,36.7166666,71.6,Afghanistan,Ishkashim
Camp Balc,36.73673296,66.76342711,Afghanistan,Camp Balc
Sheberghan Afld,36.74972236,65.91250276,Afghanistan,Sheberghan Afld
Char Bolak Dc,36.75731078,66.72313326,Afghanistan,Char Bolak Dc
Balkh Dc,36.75816876,66.8975002,Afghanistan,Balkh Dc
Talulqan Afld,36.77027684,69.53023536,Afghanistan,Talulqan Afld
Kishim Dc,36.81681187,70.10443211,Afghanistan,Kishim Dc
Jurm Dc,36.86402711,70.83131776,Afghanistan,Jurm Dc
Khandood Dc,36.94749405,72.31678973,Afghanistan,Khandood Dc
Dawlatabad Dc,36.96962315,66.82412263,Afghanistan,Dawlatabad Dc
Baharak Dc,37.00000258,70.89999839,Afghanistan,Baharak Dc
Khwaja-Ghar,37.083,69.433,Afghanistan,Khwaja-Ghar
Shor-Tipa,37.11,70.52,Afghanistan,Shor-Tipa
Faizabad Afld,37.12394609,70.52463615,Afghanistan,Faizabad Afld
Imam Sahib (S),37.1813,68.911,Afghanistan,Imam Sahib (S)
Kaldar Dc,37.19591732,67.70726879,Afghanistan,Kaldar Dc
Shor Tepa Dc,37.32079854,66.67386199,Afghanistan,Shor Tepa Dc
Khorog,37.5,71.5,Afghanistan,Khorog
Ragh Dc,37.53643061,70.44278053,Afghanistan,Ragh Dc
Khwahan Dc,37.89007405,70.22251962,Afghanistan,Khwahan Dc
Darvaz,38.417,70.783,Afghanistan,Darvaz
Darwaz,38.417,70.783,Afghanistan,Darwaz
Dikhil,11.1166666,42.3666666,Djibouti,Dikhil
Chebelly,11.5166666,43.0666666,Djibouti,Chebelly
Camp Lemonnier,11.543611,43.148611,Djibouti,Camp Lemonnier
Djibouti Intl,11.546258,43.159206,Djibouti,Djibouti Intl
Janin Al Few Penninsula,29.9701,48.4527,Iraq,Janin Al Few Penninsula
Al Faw Peninsula,29.9701004,48.4527016,Iraq,Al Faw Peninsula
Um Quasr,30.0541992,47.9278984,Iraq,Um Quasr
Bucca,30.0578003,47.8855019,Iraq,Bucca
Busayah,30.09,46.11,Iraq,Busayah
Safwan Hill,30.12818,47.62611,Iraq,Safwan Hill
Old State Building,30.1282005,47.6260986,Iraq,Old State Building
As Zubayr Port,30.19134,47.88215,Iraq,As Zubayr Port
Al Meerah,30.274471,47.66539,Iraq,Al Meerah
Chindit,30.38859,47.68299,Iraq,Chindit
Shaibah Log Base,30.4109001,47.652401,Iraq,Shaibah Log Base
Steelback,30.430907,47.641524,Iraq,Steelback
Wessam,30.433456,47.737296,Iraq,Wessam
Camp Hutch,30.436,47.632,Iraq,Camp Hutch
AAK,30.451,48.02582,Iraq,AAK
Craw,30.451,48.02582,Iraq,Craw
Relay Point 12,30.45441,47.48803,Iraq,Relay Point 12
Iron,30.479912,47.787793,Iraq,Iron
Al Hussein,30.488147,47.79506,Iraq,Al Hussein
Basrah Palace,30.4951,47.8633995,Iraq,Basrah Palace
Jss Al Jameat,30.496625,47.79045,Iraq,Jss Al Jameat
Al-Salman,30.5,44.53,Iraq,Al-Salman
Minden,30.503303,48.014123,Iraq,Minden
Al Farahidy,30.513083,47.76765,Iraq,Al Farahidy
Relay Point 11,30.51353,47.22668,Iraq,Relay Point 11
Rabbat,30.515921,47.821866,Iraq,Rabbat
Basrah Airport,30.5166666,47.7833333,Iraq,Basrah Airport
Breadbasket,30.51832,47.73342,Iraq,Breadbasket
Al Ashshar,30.522285,47.838748,Iraq,Al Ashshar
Baath Party Hq,30.52641,47.81907,Iraq,Baath Party Hq
Tannumah,30.5267,47.8502,Iraq,Tannumah
Camp Stephen,30.54189,47.81223,Iraq,Camp Stephen
Tharallah,30.54886,47.79487,Iraq,Tharallah
Basrah Air Station,30.5529995,47.6677017,Iraq,Basrah Air Station
Manchester,30.55981,47.36459,Iraq,Manchester
Al Mina,30.560292,47.791083,Iraq,Al Mina
Fortress Lines,30.56741,47.75773,Iraq,Fortress Lines
Basrah Maqal,30.570185,47.775677,Iraq,Basrah Maqal
Shatt Al Arab Hotel,30.5706005,47.7765999,Iraq,Shatt Al Arab Hotel
Al Fahr,30.5791,47.7791,Iraq,Al Fahr
Al Hartha,30.581669,47.765428,Iraq,Al Hartha
Stable,30.618405,47.755621,Iraq,Stable
Relay Point 10,30.62722,46.95578,Iraq,Relay Point 10
Riverside,30.6802,47.75467,Iraq,Riverside
Juwarin Afb,30.6910967,46.4212182,Iraq,Juwarin Afb
Cop 9,30.704499,46.432898,Iraq,Cop 9
Relay Point 9,30.7045,46.4329,Iraq,Relay Point 9
Camp Al Saad,30.742571,47.692313,Iraq,Camp Al Saad
Morehead,30.923946,46.098148,Iraq,Morehead
Adder,30.9342003,46.0890007,Iraq,Adder
Ali Base,30.939722,46.0925,Iraq,Ali Base
Tallil Air Base,30.939722,46.0925,Iraq,Tallil Air Base
Family Quarters,30.95671,46.12792,Iraq,Family Quarters
Mittica,30.95671,46.12792,Iraq,Mittica
Cedar II,30.9747009,46.0443001,Iraq,Cedar II
COP 329,30.991546,46.192462,Iraq,COP 329
Ur,30.991546,46.192462,Iraq,Ur
Whitehorse,30.99898,46.20299,Iraq,Whitehorse
Al Qurna,31.01411,47.42915,Iraq,Al Qurna
Nasiriya,31.0166666,46.2333333,Iraq,Nasiriya
Camp Eden,31.06362,47.33716,Iraq,Camp Eden
Relay Point 8,31.18551,45.93805,Iraq,Relay Point 8
Al Khidr,31.18666,45.50798,Iraq,Al Khidr
Smitty,31.2492008,45.2762985,Iraq,Smitty
Eastern Barracks,31.262529,45.365605,Iraq,Eastern Barracks
Samawa,31.2666666,45.2666666,Iraq,Samawa
Ar Ar,31.38544,41.45222,Iraq,Ar Ar
Broomhead,31.38544,41.45222,Iraq,Broomhead
Wadi Al Khirr New Afld,31.417226,43.183887,Iraq,Wadi Al Khirr New Afld
Relay Point 7,31.42888,45.70688,Iraq,Relay Point 7
Hunter,31.448799,47.304305,Iraq,Hunter
Qalat Salih Airfield,31.4625,47.29833,Iraq,Qalat Salih Airfield
Relay Point 18,31.53835,45.2305,Iraq,Relay Point 18
Ar Rumaythah,31.54027,45.21807,Iraq,Ar Rumaythah
Sugar Shack,31.586331,47.181639,Iraq,Sugar Shack
Relay Point 6,31.60113,45.41513,Iraq,Relay Point 6
Jss Umms Ah,31.623289,47.54197,Iraq,Jss Umms Ah
Relay Point 5,31.64699,45.27106,Iraq,Relay Point 5
Rafaei,31.717,46.1,Iraq,Rafaei
Abu Naji,31.7737007,47.1058998,Iraq,Abu Naji
Gaspar,31.807104,47.139762,Iraq,Gaspar
Amarah,31.819722,47.080833,Iraq,Amarah
Garry Owen,31.833356,47.076831,Iraq,Garry Owen
Pb Arrowhead,31.834856,47.12577,Iraq,Pb Arrowhead
Stadium Al Amarah,31.83573,47.12716,Iraq,Stadium Al Amarah
Al Sheeb,31.852991,47.768488,Iraq,Al Sheeb
Al Wahab,31.852991,47.768488,Iraq,Al Wahab
Apache - Iz,31.852991,47.768488,Iraq,Apache - Iz
Sifer,31.883948,47.124667,Iraq,Sifer
Relay Point 4,31.92629,45.0986,Iraq,Relay Point 4
Diwaniya,31.95,44.95,Iraq,Diwaniya
Najaf,31.95,44.3166666,Iraq,Najaf
Ad Diwaniyah,31.96717,44.91174,Iraq,Ad Diwaniyah
Ad Diwany,31.96717,44.91174,Iraq,Ad Diwany
Echo,31.9671993,44.9117012,Iraq,Echo
FOB Endurance,31.97,44.4,Iraq,FOB Endurance
FOB Q-West,31.97,44.4,Iraq,FOB Q-West
Qayyarah West,31.97,44.4,Iraq,Qayyarah West
Jss 2,31.97918,44.94019,Iraq,Jss 2
Endeavor,31.979901,44.40017,Iraq,Endeavor
Jss Kumayt,31.998097,46.9066,Iraq,Jss Kumayt
Foxtrot - Iz,32.0102,44.91138,Iraq,Foxtrot - Iz
Golf,32.02331,44.37447,Iraq,Golf
Nukhayb,32.02564,42.263732,Iraq,Nukhayb
Baker,32.02969,44.3704,Iraq,Baker
Nukheb,32.033,42.25,Iraq,Nukheb
Hotel,32.0692,44.31738,Iraq,Hotel
JSS 1,32.101022,45.609757,Iraq,JSS 1
Jss Mutanabe,32.101022,45.609757,Iraq,Jss Mutanabe
Relay Point 3,32.11714,44.97997,Iraq,Relay Point 3
Kut-Al-Hai,32.133,46.033,Iraq,Kut-Al-Hai
Kut Al Hayy,32.1452,46.0463,Iraq,Kut Al Hayy
Duke,32.1498985,44.1309013,Iraq,Duke
An Najaf,32.15346,44.1,Iraq,An Najaf
Jenkins,32.242117,45.150372,Iraq,Jenkins
Scania,32.3061981,44.8639984,Iraq,Scania
Hashimiyah,32.360106,44.654236,Iraq,Hashimiyah
Mudaysis,32.41548,41.95731,Iraq,Mudaysis
Bravo,32.42773,44.41158,Iraq,Bravo
Hella,32.45,44.45,Iraq,Hella
Al Tib,32.455497,47.170328,Iraq,Al Tib
PB Uvanni,32.455497,47.170328,Iraq,PB Uvanni
Sama,32.455497,47.170328,Iraq,Sama
Ali Algharbi,32.4666666,46.7166666,Iraq,Ali Algharbi
Stack House,32.471165,44.441523,Iraq,Stack House
Al Kut,32.48478,45.766,Iraq,Al Kut
Ubaydah Bin Al,32.48478,45.766,Iraq,Ubaydah Bin Al
Delta,32.4847984,45.7659988,Iraq,Delta
Charlie,32.5007019,44.4402008,Iraq,Charlie
Lsa Geiger,32.523521,45.331971,Iraq,Lsa Geiger
Al Hillah,32.53839,44.42535,Iraq,Al Hillah
Alpha,32.53839,44.42535,Iraq,Alpha
Babylon Pala,32.53839,44.42535,Iraq,Babylon Pala
Relay Point 2,32.53971,44.60436,Iraq,Relay Point 2
Ainaltamer,32.55,44.7166666,Iraq,Ainaltamer
Numaniyah,32.550555,45.287581,Iraq,Numaniyah
Kerbela,32.5666666,44.05,Iraq,Kerbela
Kilo,32.58337,44.02487,Iraq,Kilo
Juliet,32.59773,44.01587,Iraq,Juliet
Lima,32.59786,44.11849,Iraq,Lima
India,32.60825,44.0003,Iraq,India
Karbala,32.60825,44.0003,Iraq,Karbala
Jss Salaam,32.614447,45.452172,Iraq,Jss Salaam
Ezdehar,32.660941,46.137233,Iraq,Ezdehar
Hussiniyah,32.675802,44.161314,Iraq,Hussiniyah
Pb Mahawil,32.696161,44.4022,Iraq,Pb Mahawil
Jss Jabella,32.726682,44.655507,Iraq,Jss Jabella
Al Zubidiyah,32.742851,45.150823,Iraq,Al Zubidiyah
Trebil,32.7434006,39.0124016,Iraq,Trebil
Dur Rajaib Bridge,32.778912,44.507104,Iraq,Dur Rajaib Bridge
Shulla,32.786069,44.28845,Iraq,Shulla
Kalsu,32.8055,44.4534988,Iraq,Kalsu
Jss Hamiyah,32.819816,44.253117,Iraq,Jss Hamiyah
Zulu,32.85117,44.77355,Iraq,Zulu
Jss Jurf,32.87312,44.221062,Iraq,Jss Jurf
Iskan,32.879634,44.349293,Iraq,Iskan
Jss Haswah,32.880144,44.384046,Iraq,Jss Haswah
Joint Security Station,32.8924,44.461625,Iraq,Joint Security Station
Jss 18,32.8924,44.461625,Iraq,Jss 18
Pb Diyarah,32.892827,44.529526,Iraq,Pb Diyarah
Azizyah,32.9166666,45.0666666,Iraq,Azizyah
Pb Kelsey,32.939807,44.1872,Iraq,Pb Kelsey
Summers,32.948558,44.63858,Iraq,Summers
Jss Mutanabi,32.958863,45.860384,Iraq,Jss Mutanabi
Al Iskandariyah,32.84026,44.27756,Iraq,Al Iskandariyah
Lutifiyah,32.968637,44.356156,Iraq,Lutifiyah
Patrol B,32.968637,44.356156,Iraq,Patrol B
Rutbah,33,39.933,Iraq,Rutbah
Pb Copper,33.009652,44.517692,Iraq,Pb Copper
Dogwood,33.0130005,44.0704002,Iraq,Dogwood
Pb Yates,33.014888,44.188342,Iraq,Pb Yates
Buzz,33.016992,39.936299,Iraq,Buzz
Korean Village,33.0187988,39.9355011,Iraq,Korean Village
Al Aziziya,33.028114,44.843643,Iraq,Al Aziziya
Patton,33.042704,41.120701,Iraq,Patton
Norseman,33.050298,40.264762,Iraq,Norseman
Pb Inchon - Iz,33.054831,44.132493,Iraq,Pb Inchon - Iz
Dezil,33.067219,44.570187,Iraq,Dezil
Relay Point 1,33.06871,44.44614,Iraq,Relay Point 1
Shanghai,33.071612,44.178373,Iraq,Shanghai
Pb Yusifiyah,33.074042,44.256547,Iraq,Pb Yusifiyah
Jss Deason,33.074607,44.372356,Iraq,Jss Deason
Whiskey 1,33.080665,44.464413,Iraq,Whiskey 1
Carver,33.08078,44.598343,Iraq,Carver
Pb Kemple,33.085957,44.107972,Iraq,Pb Kemple
Italy,33.093839,44.363786,Iraq,Italy
Mahmudiyah,33.093839,44.363786,Iraq,Mahmudiyah
Dragon,33.09474,44.112706,Iraq,Dragon
Fort Atterbury,33.09912,46.03297,Iraq,Fort Atterbury
Badrah,33.1,45.95,Iraq,Badrah
Shocker,33.10665,45.97571,Iraq,Shocker
Salman Pak,33.107867,44.579834,Iraq,Salman Pak
Pb Vanderhorn,33.108149,44.54866,Iraq,Pb Vanderhorn
Fat Boy Bridge,33.110346,44.200927,Iraq,Fat Boy Bridge
Gatorswamp Bridge,33.113496,44.169473,Iraq,Gatorswamp Bridge
Meade,33.11452,44.486577,Iraq,Meade
Pb Corregidor,33.118929,44.240777,Iraq,Pb Corregidor
Jss Wahida,33.119718,44.696644,Iraq,Jss Wahida
Cleary,33.139,44.6924,Iraq,Cleary
Recon,33.14038,44.66548,Iraq,Recon
Warrior Keep,33.145224,44.071883,Iraq,Warrior Keep
Stone - Iz,33.146392,44.381952,Iraq,Stone - Iz
Cahill,33.154343,44.585265,Iraq,Cahill
Motor Head Bridge,33.165436,44.2394,Iraq,Motor Head Bridge
Pb Dolby,33.165755,44.405833,Iraq,Pb Dolby
Hawkes,33.16591,44.489495,Iraq,Hawkes
Pb Lions Den,33.187954,44.161476,Iraq,Pb Lions Den
Abrams,33.18886,41.71088,Iraq,Abrams
Knight,33.1913,44.222452,Iraq,Knight
COP 160K,33.196247,41.702997,Iraq,COP 160K
Qasr Amijj,33.196247,41.702997,Iraq,Qasr Amijj
Murray,33.19712,44.480946,Iraq,Murray
Sedgwick,33.200612,43.514614,Iraq,Sedgwick
Cashe South,33.202785,44.522332,Iraq,Cashe South
Radwaniyah,33.2052,44.2968,Iraq,Radwaniyah
Cashe North,33.208871,44.511618,Iraq,Cashe North
Tuwait,33.208871,44.511618,Iraq,Tuwait
Falcon,33.2090988,44.3690987,Iraq,Falcon
Kilo 160,33.2166666,41.7833333,Iraq,Kilo 160
Radwaniyah Palace Complex,33.218657,44.215343,Iraq,Radwaniyah Palace Complex
Black Foot,33.22628009,44.40607865,Iraq,Black Foot
Guerrero,33.230089,44.321803,Iraq,Guerrero
Paladin,33.23045,43.69,Iraq,Paladin
Angur,33.232345,43.425542,Iraq,Angur
Mustang Ranch,33.23412,44.431334,Iraq,Mustang Ranch
Aztec,33.23509,44.43993,Iraq,Aztec
Jss Tomahawk,33.236389,44.369167,Iraq,Jss Tomahawk
Cop 828,33.237606,44.379598,Iraq,Cop 828
Sadiyah,33.2394,44.3652,Iraq,Sadiyah
Vbc Striker,33.23942,44.22073,Iraq,Vbc Striker
Cropper,33.2456017,44.2187996,Iraq,Cropper
Chosen,33.248562,44.370074,Iraq,Chosen
Norris,33.2507,44.3342,Iraq,Norris
Green,33.250762,43.845622,Iraq,Green
Jss Masafee,33.253156,44.386895,Iraq,Jss Masafee
Gator,33.25369,44.385281,Iraq,Gator
Cop 821,33.254761,44.347699,Iraq,Cop 821
JSS Sadiyah II,33.254761,44.347699,Iraq,JSS Sadiyah II
Warpath,33.254761,44.347699,Iraq,Warpath
Cop 838,33.256721,44.415428,Iraq,Cop 838
Vbc-Slayer,33.2589989,44.2663002,Iraq,Vbc-Slayer
Abu Ghurayb Presidentia,33.259,44.26629,Iraq,Abu Ghurayb Presidentia
Zafaraniya,33.261909,44.482968,Iraq,Zafaraniya
Baghdad Intl Airport,33.2625,44.234444,Iraq,Baghdad Intl Airport
Vbc Area Iv,33.263507,44.205093,Iraq,Vbc Area Iv
Dublin,33.2638,44.2261,Iraq,Dublin
JMMT on Camp We,33.2638,44.2261,Iraq,JMMT on Camp We
Vbc West Biap,33.2638,44.2261,Iraq,Vbc West Biap
White Falcon,33.26483,44.41269,Iraq,White Falcon
Silver,33.265349,43.796516,Iraq,Silver
Black Lions,33.265708,44.315894,Iraq,Black Lions
Jss Al Rashid,33.268,44.5114,Iraq,Jss Al Rashid
Rasheed,33.277778,44.494722,Iraq,Rasheed
Battle,33.279526,44.300834,Iraq,Battle
Rustamiyah,33.2815018,44.5168991,Iraq,Rustamiyah
Camp Brooklyn,33.28152,44.26213,Iraq,Camp Brooklyn
South Victory,33.28152,44.26213,Iraq,South Victory
Vbc Victory,33.28152,44.26213,Iraq,Vbc Victory
Hammer,33.28459,44.82551,Iraq,Hammer
Attack,33.2869,44.3316,Iraq,Attack
Jss Al Rashid 2,33.2869,44.4793,Iraq,Jss Al Rashid 2
Karada,33.287965,44.403835,Iraq,Karada
Abu Ghraib,33.2888985,44.0646019,Iraq,Abu Ghraib
Babil,33.290919,44.429881,Iraq,Babil
Ameriyah,33.294176,44.297893,Iraq,Ameriyah
Fernandez,33.295027,44.370911,Iraq,Fernandez
Cross,33.295054,43.69252,Iraq,Cross
Log Base Seitz,33.29765,44.20034,Iraq,Log Base Seitz
Vbc Seitz,33.29765,44.20034,Iraq,Vbc Seitz
Union,33.29803,44.3781,Iraq,Union
Prosperity Exclusion,33.29862,44.36982,Iraq,Prosperity Exclusion
Regular,33.29899,44.39044,Iraq,Regular
Pump House Barney,33.2994,43.8093,Iraq,Pump House Barney
Torch,33.2996,44.32888,Iraq,Torch
Prosperity,33.3005981,44.3609009,Iraq,Prosperity
Butler Range Complex,33.3012009,44.8067017,Iraq,Butler Range Complex
Besmaya Range,33.30131,44.805021,Iraq,Besmaya Range
Besmiyah Range,33.30131,44.805021,Iraq,Besmiyah Range
Command Liason Element Compound,33.302939,44.39813,Iraq,Command Liason Element Compound
TFBSO,33.302939,44.39813,Iraq,TFBSO
Pb Raider,33.303096,44.178593,Iraq,Pb Raider
Embassy Annex,33.3036,44.410281,Iraq,Embassy Annex
Al Jadida,33.304611,44.470707,Iraq,Al Jadida
Blackjack,33.30485,44.25656,Iraq,Blackjack
North Victory,33.30485,44.25656,Iraq,North Victory
Vbc Liberty,33.30485,44.25656,Iraq,Vbc Liberty
Ctcp Support House,33.3049,44.40007,Iraq,Ctcp Support House
Annihilators,33.305317,44.277287,Iraq,Annihilators
Qasr Tall Mihl,33.3064117,44.2419548,Iraq,Qasr Tall Mihl
Blackhawk,33.30645,44.40274,Iraq,Blackhawk
Thunder,33.30649,44.27491,Iraq,Thunder
Thunder Dome,33.30649,44.27491,Iraq,Thunder Dome
Green Zone,33.307434,44.386053,Iraq,Green Zone
Constitution,33.3078,44.2312,Iraq,Constitution
Joint Coordination Center Abu Ghraib,33.308469,44.214421,Iraq,Joint Coordination Center Abu Ghraib
Assassin,33.3087,44.6174,Iraq,Assassin
Khadra,33.310145,44.296464,Iraq,Khadra
Csh Warehouse,33.310151,44.409056,Iraq,Csh Warehouse
Cop 727,33.311696,44.482438,Iraq,Cop 727
Freedom Compound,33.3117,44.4035,Iraq,Freedom Compound
Bonzai Djss,33.313077,44.315894,Iraq,Bonzai Djss
Essayons,33.313505,44.406884,Iraq,Essayons
Conqueror,33.31575,44.40461,Iraq,Conqueror
Bushmaster 1,33.316405,44.389901,Iraq,Bushmaster 1
Honor,33.3171005,44.3993988,Iraq,Honor
Commanche,33.31721,44.40826,Iraq,Commanche
Sandi,33.319554,44.415696,Iraq,Sandi
Assassin Main,33.3198,44.40373,Iraq,Assassin Main
Camp Ruhlen,33.3198,44.40373,Iraq,Camp Ruhlen
Cop 799,33.319961,44.52358,Iraq,Cop 799
Camp Payne,33.32057,44.21678,Iraq,Camp Payne
Ftcp,33.32057,44.21678,Iraq,Ftcp
Atlas,33.321719,44.2128,Iraq,Atlas
Al Muthana,33.323863,44.471547,Iraq,Al Muthana
Reaper - Iz,33.323928,43.787214,Iraq,Reaper - Iz
Hell Hound,33.32408,44.20171,Iraq,Hell Hound
Mercury,33.3244019,43.9115982,Iraq,Mercury
Op Castillo,33.326498,43.814241,Iraq,Op Castillo
Shuhada,33.327295,43.795848,Iraq,Shuhada
Loyalty,33.3283005,44.4821014,Iraq,Loyalty
Adl,33.330968,44.301553,Iraq,Adl
Provider,33.33214,44.43717,Iraq,Provider
Shield,33.33214,44.43717,Iraq,Shield
Volunteer,33.33214,44.43717,Iraq,Volunteer
Cop Tash,33.332924,43.269269,Iraq,Cop Tash
Nasir Wa Salam,33.333249,44.062919,Iraq,Nasir Wa Salam
Beladiyat,33.333617,44.465954,Iraq,Beladiyat
Black,33.337317,43.749956,Iraq,Black
Independence,33.34031,44.35501,Iraq,Independence
Muthana,33.34031,44.35501,Iraq,Muthana
Jss Sheikh Marouf,33.342,44.374,Iraq,Jss Sheikh Marouf
Jss Bab Al Sheihk,33.342481,44.40585,Iraq,Jss Bab Al Sheihk
Fallujah,33.34302,43.8552,Iraq,Fallujah
Baharia,33.34302,43.8552,Iraq,Baharia
Dreamland,33.34302,43.8552,Iraq,Dreamland
Martyrs Monument,33.34345,44.44655,Iraq,Martyrs Monument
Al Khansa,33.344273,44.50159,Iraq,Al Khansa
Bab Al-Mouadam,33.344685,44.385909,Iraq,Bab Al-Mouadam
Rasheed,33.344685,44.385909,Iraq,Rasheed
Al Sin AA,33.344815,43.792566,Iraq,Al Sin AA
Shaheed Sufan,33.344815,43.792566,Iraq,Shaheed Sufan
Taqqadum,33.3456001,43.5919991,Iraq,Taqqadum
Rusafa,33.346095,44.411249,Iraq,Rusafa
Jss Hurriyah,33.346812,44.316719,Iraq,Jss Hurriyah
Red Falcon,33.3472,44.29607,Iraq,Red Falcon
Andaloos,33.348448,43.770325,Iraq,Andaloos
Commando Bar,33.349535,44.502147,Iraq,Commando Bar
Bushmaster 2,33.351658,44.527891,Iraq,Bushmaster 2
Jss Commanche,33.352206,44.443282,Iraq,Jss Commanche
Op Burgess,33.35232,43.78028,Iraq,Op Burgess
Jss Salamiyat,33.354994,44.223311,Iraq,Jss Salamiyat
Ghazaliyah,33.356888,44.275507,Iraq,Ghazaliyah
308,33.36288,44.36044,Iraq,308
Apache,33.36288,44.36044,Iraq,Apache
Gunner Main,33.36288,44.36044,Iraq,Gunner Main
Jss Al Qanat,33.363018,44.422973,Iraq,Jss Al Qanat
Al Shorta,33.364363,43.799465,Iraq,Al Shorta
Askari,33.364363,43.799465,Iraq,Askari
Khadairy,33.364363,43.799465,Iraq,Khadairy
Hamid,33.364784,43.756101,Iraq,Hamid
Thawra I,33.365973,44.42528,Iraq,Thawra I
Jss Adhamiyah,33.368119,44.361259,Iraq,Jss Adhamiyah
Hurriyah II,33.372932,44.318011,Iraq,Hurriyah II
Choate,33.37306,44.41153,Iraq,Choate
Melody,33.37306,44.41153,Iraq,Melody
Spartan Main,33.37306,44.41153,Iraq,Spartan Main
Salie,33.373674,44.695948,Iraq,Salie
Cop 763,33.373908,44.525931,Iraq,Cop 763
Jss Thawra II,33.374187,44.439186,Iraq,Jss Thawra II
Manhatan,33.375495,43.565516,Iraq,Manhatan
Habanyah,33.376944,43.567778,Iraq,Habanyah
Marlboro,33.37788,44.48074,Iraq,Marlboro
Habbaniyah,33.3796005,43.5774002,Iraq,Habbaniyah
Zahra,33.383248,44.315926,Iraq,Zahra
Banzai,33.3836,44.35491,Iraq,Banzai
Dakota,33.3836,44.35491,Iraq,Dakota
Hunter,33.3836,44.35491,Iraq,Hunter
Justice,33.3836,44.35491,Iraq,Justice
Ford,33.38626,44.408415,Iraq,Ford
Hope,33.3888016,44.5054016,Iraq,Hope
Camp Cowboy,33.39086,44.36453,Iraq,Camp Cowboy
Crusader Main,33.39086,44.36453,Iraq,Crusader Main
Aqur Quf,33.394244,44.129977,Iraq,Aqur Quf
Saqlawiyah,33.396272,43.684084,Iraq,Saqlawiyah
Jss Basateen,33.3987,44.3845,Iraq,Jss Basateen
Rivera,33.400716,43.684774,Iraq,Rivera
Callahan,33.401802,44.387036,Iraq,Callahan
Adalla,33.405098,43.30665,Iraq,Adalla
Mobile,33.405701,43.712663,Iraq,Mobile
Spartan,33.410876,43.311374,Iraq,Spartan
Al Shaab,33.414183,44.402479,Iraq,Al Shaab
Camp Ruhlen,33.4147,44.35231,Iraq,Camp Ruhlen
Solidarity,33.4147,44.35231,Iraq,Solidarity
Steel,33.415608,43.276744,Iraq,Steel
Jss Ur,33.416447,44.432106,Iraq,Jss Ur
Ashreen,33.418617,43.311947,Iraq,Ashreen
Islanders,33.418655,44.154598,Iraq,Islanders
Bassam,33.420147,44.16179,Iraq,Bassam
Canal,33.420536,43.333849,Iraq,Canal
Juiaba,33.422684,43.413027,Iraq,Juiaba
Malaab,33.423038,43.322724,Iraq,Malaab
War Eagle,33.424147,44.347081,Iraq,War Eagle
Jss Anbar Provisional Covernment Center,33.424641,43.296531,Iraq,Jss Anbar Provisional Covernment Center
Corregidor,33.427,43.3324,Iraq,Corregidor
Viking,33.427647,43.659147,Iraq,Viking
Mohawk,33.427945,43.713822,Iraq,Mohawk
Bali,33.428207,43.474708,Iraq,Bali
Pathfinder,33.428207,43.474708,Iraq,Pathfinder
JSS Sabataj,33.429157,43.29533,Iraq,JSS Sabataj
Jumayah,33.430731,43.295697,Iraq,Jumayah
AG College,33.43089,43.3327,Iraq,AG College
Combat Outpost,33.43089,43.3327,Iraq,Combat Outpost
Qatana,33.431801,43.303958,Iraq,Qatana
Ibrahim Bin Ali,33.432731,44.044782,Iraq,Ibrahim Bin Ali
Al Walid,33.4328995,38.9269981,Iraq,Al Walid
Snake Pit,33.43426,43.26949,Iraq,Snake Pit
Nasser,33.43477,43.31785,Iraq,Nasser
Thaylat,33.43538,43.304896,Iraq,Thaylat
Iba,33.435561,44.050939,Iraq,Iba
South Angels,33.436615,43.750268,Iraq,South Angels
Hawk,33.437289,43.312242,Iraq,Hawk
Hurricane Point,33.4376984,43.2650986,Iraq,Hurricane Point
Al Ramadi,33.43963,43.24045,Iraq,Al Ramadi
Junction Cit,33.43963,43.24045,Iraq,Junction Cit
Blue Diamond,33.4416008,43.2593002,Iraq,Blue Diamond
South,33.442853,44.26971,Iraq,South
Baghdad-Bandit Island,33.44306,44.34264,Iraq,Baghdad-Bandit Island
Bandit Island,33.44306,44.34264,Iraq,Bandit Island
Baghdad Island,33.4436,44.3451,Iraq,Baghdad Island
Lee,33.449804,43.254053,Iraq,Lee
Sab Al Bour,33.459991,44.147915,Iraq,Sab Al Bour
Pb Tamooz,33.462403,45.096367,Iraq,Pb Tamooz
Fallahat,33.462559,44.295667,Iraq,Fallahat
Obaid,33.4648,43.425,Iraq,Obaid
Pb Mchale,33.465909,45.03207,Iraq,Pb Mchale
Cop Subak Sur,33.466711,44.462696,Iraq,Cop Subak Sur
Wallah,33.48316,43.27078,Iraq,Wallah
Riggs,33.4868,42.890488,Iraq,Riggs
Eagle Base,33.489471,43.432625,Iraq,Eagle Base
Istiqlal,33.490051,44.38353,Iraq,Istiqlal
Cavalier,33.509073,44.202062,Iraq,Cavalier
Jss Youngblood,33.511162,43.30999,Iraq,Jss Youngblood
Hor Al Bash,33.511632,44.203093,Iraq,Hor Al Bash
Al Taji Aaf,33.517,44.25,Iraq,Al Taji Aaf
Condor,33.518403,44.127786,Iraq,Condor
Taji,33.5187988,44.2510986,Iraq,Taji
Sheik Amir,33.523478,44.13635,Iraq,Sheik Amir
Jss Diamond,33.547311,45.119449,Iraq,Jss Diamond
Taji Echo Area,33.55214,44.22343,Iraq,Taji Echo Area
Jss Al Awad,33.553575,44.191118,Iraq,Jss Al Awad
Kubaysah,33.596353,42.620396,Iraq,Kubaysah
Key West,33.603815,44.547458,Iraq,Key West
Imam Mansour,33.60531149,45.10455655,Iraq,Imam Mansour
Sheik Hamad Village,33.612197,44.322744,Iraq,Sheik Hamad Village
Cop 4,33.62849,42.817946,Iraq,Cop 4
Heet,33.633,43.75,Iraq,Heet
Bama,33.634204,45.059304,Iraq,Bama
Jss Mushada,33.638857,44.233064,Iraq,Jss Mushada
Animal,33.64177,44.23438,Iraq,Animal
Munshada East,33.645111,44.315654,Iraq,Munshada East
Nubai,33.6473,44.0852,Iraq,Nubai
COL DMC,33.65636,44.720443,Iraq,COL DMC
Diyala Media Center,33.65636,44.720443,Iraq,Diyala Media Center
Tarmiyah,33.666085,44.390119,Iraq,Tarmiyah
Op Graceland,33.670522,42.722266,Iraq,Op Graceland
Zeimer,33.673102,43.465164,Iraq,Zeimer
Hit,33.6846008,42.7709999,Iraq,Hit
Nott,33.68752,45.04348,Iraq,Nott
Akashat,33.711444,39.971289,Iraq,Akashat
Buhritz,33.7167,44.6478,Iraq,Buhritz
Hawas,33.735438,43.730605,Iraq,Hawas
Aruba,33.736876,44.487219,Iraq,Aruba
Khatoon,33.738303,44.605529,Iraq,Khatoon
Rowad,33.742174,44.257876,Iraq,Rowad
Caldwell,33.7425003,45.2331009,Iraq,Caldwell
Adam,33.742505,44.650432,Iraq,Adam
Gabe,33.7447014,44.6800003,Iraq,Gabe
Rough Rider,33.74514,45.5205,Iraq,Rough Rider
Alamo,33.7469,44.6479,Iraq,Alamo
Diyala Governance Center,33.746971,44.647542,Iraq,Diyala Governance Center
Mujema,33.759089,44.590748,Iraq,Mujema
Scunion,33.7803,44.59594,Iraq,Scunion
Warhorse,33.7938995,44.6010017,Iraq,Warhorse
Al Asad,33.7947998,42.4466019,Iraq,Al Asad
Aukashat,33.8,40.133,Iraq,Aukashat
As Sadah,33.800179,44.672896,Iraq,As Sadah
Lion - Iz,33.820823,44.326801,Iraq,Lion - Iz
Al Abarrah,33.821409,44.667319,Iraq,Al Abarrah
Zukhaykha,33.828892,42.730757,Iraq,Zukhaykha
Vanguard,33.83207,44.29483,Iraq,Vanguard
Oryan,33.8390007,44.3450012,Iraq,Oryan
O'ryan,33.8390007,44.3450012,Iraq,O'ryan
Orion,33.8390007,44.3450012,Iraq,Orion
Mullalah,33.8412,44.8131,Iraq,Mullalah
Blackfoot,33.85666,44.5131,Iraq,Blackfoot
Gimlet,33.85666,44.5131,Iraq,Gimlet
Khalis,33.85666,44.5131,Iraq,Khalis
Rock,33.85666,44.5131,Iraq,Rock
Mullalah 2,33.863353,44.683553,Iraq,Mullalah 2
As Sindiyah Bridge,33.887307,44.434207,Iraq,As Sindiyah Bridge
Timberwolf,33.905018,42.582049,Iraq,Timberwolf
Border Fort 9,33.912834,39.873951,Iraq,Border Fort 9
Wahid Bridge,33.917625,42.5616,Iraq,Wahid Bridge
Grierson,33.93481,45.2229,Iraq,Grierson
Anaconda,33.93649,44.35727,Iraq,Anaconda
Balad,33.93649,44.35727,Iraq,Balad
Jbb,33.93649,44.35727,Iraq,Jbb
Balad Southeast,33.95,44.367,Iraq,Balad Southeast
Paliwoda,33.9953995,44.1791992,Iraq,Paliwoda
Albu Hyatt,34.00658,42.436638,Iraq,Albu Hyatt
Talon,34.010851,45.031843,Iraq,Talon
Love,34.031914,43.984023,Iraq,Love
Milledge,34.036567,44.924481,Iraq,Milledge
Rawashid,34.043043,44.117143,Iraq,Rawashid
Pb Tahadi,34.05113,42.40599,Iraq,Pb Tahadi
Wolf,34.0536003,42.0792007,Iraq,Wolf
Ares,34.0571,44.8552,Iraq,Ares
Aryes,34.0571,44.8552,Iraq,Aryes
Khaffijayah,34.064317,42.382236,Iraq,Khaffijayah
Hadithah,34.067,42.367,Iraq,Hadithah
K-3,34.075459,42.3582,Iraq,K-3
Barbarian,34.0776,44.5928,Iraq,Barbarian
Grizzly,34.0776,44.5928,Iraq,Grizzly
Ellis,34.084761,42.406333,Iraq,Ellis
Ashraf,34.1024017,44.6184998,Iraq,Ashraf
Green Acres,34.10565,45.01605,Iraq,Green Acres
Haditha,34.135431,42.352875,Iraq,Haditha
Mackenzie,34.17039,44.25459,Iraq,Mackenzie
Pacesetter,34.17039,44.25459,Iraq,Pacesetter
Samarra,34.17039,44.25459,Iraq,Samarra
Mckenzie,34.1703987,44.2546005,Iraq,Mckenzie
Stoddard,34.17906,43.85737,Iraq,Stoddard
Patrol Base Uvanni,34.1936989,43.8832016,Iraq,Patrol Base Uvanni
Magic Mountain,34.1960983,45.4655991,Iraq,Magic Mountain
Pb Kaufman,34.19852,43.872824,Iraq,Pb Kaufman
Patrol Base Razor,34.2008018,43.865799,Iraq,Patrol Base Razor
Cmoc,34.20351,43.86789,Iraq,Cmoc
Patrol Base Olson,34.2043991,43.8665009,Iraq,Patrol Base Olson
Cobra,34.2230988,45.1585007,Iraq,Cobra
Sagrah,34.229149,42.143609,Iraq,Sagrah
Brassfield,34.245554,43.768129,Iraq,Brassfield
Mora,34.245554,43.768129,Iraq,Mora
Camp Daniels,34.24603,43.88361,Iraq,Camp Daniels
Al Kaem,34.25,41.15,Iraq,Al Kaem
Samaraa,34.25,43.78,Iraq,Samaraa
Al Qaim,34.2636986,41.1624985,Iraq,Al Qaim
Cop South,34.28096,40.98915,Iraq,Cop South
Khanaqin,34.3,45.42,Iraq,Khanaqin
Cop Nu Hamza,34.324233,41.186011,Iraq,Cop Nu Hamza
Reyanah,34.346184,42.025498,Iraq,Reyanah
Anah,34.3666666,41.95,Iraq,Anah
Ocotal,34.36907,41.98569,Iraq,Ocotal
Carpenter,34.37534,45.38155,Iraq,Carpenter
Wyatt,34.37534,45.38155,Iraq,Wyatt
Edge,34.378336,45.456868,Iraq,Edge
Gannon II,34.378943,40.966709,Iraq,Gannon II
Bp Hue City,34.391383,40.999533,Iraq,Bp Hue City
Gannon,34.3963013,40.975399,Iraq,Gannon
Camp Khalid,34.406156,41.918903,Iraq,Camp Khalid
Wilson,34.4110985,43.7975998,Iraq,Wilson
Arrow,34.41115,43.79765,Iraq,Arrow
Ubaydi,34.412051,41.215285,Iraq,Ubaydi
Buckmaster,34.4215012,43.4912987,Iraq,Buckmaster
Pb Okinawa,34.436158,41.606147,Iraq,Pb Okinawa
Bp Hassa,34.450882,41.788934,Iraq,Bp Hassa
Da Nang,34.472011,41.480535,Iraq,Da Nang
Cop North,34.49118,41.14622,Iraq,Cop North
Camp Gator,34.52655,43.70763,Iraq,Camp Gator
Packhorse,34.52749,43.687195,Iraq,Packhorse
Remagan,34.52749,43.687195,Iraq,Remagan
Rawah,34.5289001,41.9236984,Iraq,Rawah
Camp Buffalo,34.53482,43.72199,Iraq,Camp Buffalo
Remagen,34.5359993,43.6796989,Iraq,Remagen
Dagger,34.54333,43.70813,Iraq,Dagger
Raider,34.54333,43.70813,Iraq,Raider
Omaha,34.5622,43.658,Iraq,Omaha
Tikrit,34.6799011,43.5481987,Iraq,Tikrit
Tikrit Air Base,34.6799011,43.5481987,Iraq,Tikrit Air Base
Scimitar,34.590894,43.686678,Iraq,Scimitar
Danger,34.591301,43.6946983,Iraq,Danger
Cold Steel,34.598515,43.668879,Iraq,Cold Steel
Jss Mahmood,34.60386,43.66843,Iraq,Jss Mahmood
Camp Cougar,34.62974,43.66032,Iraq,Camp Cougar
Freedom,34.62974,43.66032,Iraq,Freedom
Al Sahra Aaf,34.65,43.533,Iraq,Al Sahra Aaf
Speicher,34.6799011,43.5481987,Iraq,Speicher
Grant,34.78473,44.86173,Iraq,Grant
Tooz,34.883,44.65,Iraq,Tooz
Tuz,34.883,44.65,Iraq,Tuz
Midland,34.89303,43.93283,Iraq,Midland
Baiji,34.9,43.533,Iraq,Baiji
Summerall,34.9157982,43.3717003,Iraq,Summerall
Bernstein,34.925499,44.4870987,Iraq,Bernstein
Jss Siniyah,34.9264,43.413464,Iraq,Jss Siniyah
Bayji,34.934651,43.494982,Iraq,Bayji
Bor,34.99893693,43.48766921,Iraq,Bor
Arlington,34.9999008,43.3919983,Iraq,Arlington
Al Fattah,35.0488,43.5524,Iraq,Al Fattah
Pb Doria,35.138857,44.091094,Iraq,Pb Doria
Halabcha,35.2,45.95,Iraq,Halabcha
Howell,35.261121,43.907664,Iraq,Howell
Bushmaster - Iz,35.29665,44.170219,Iraq,Bushmaster - Iz
Mchenry,35.3017998,43.824501,Iraq,Mchenry
Hawijah,35.326714,43.7783,Iraq,Hawijah
Chem-Chamal,35.333,45.183,Iraq,Chem-Chamal
Al Muallimeen,35.35246,43.78178,Iraq,Al Muallimeen
Nuab Dubat,35.35246,43.78178,Iraq,Nuab Dubat
Tinderbox,35.38649,43.16539,Iraq,Tinderbox
Gaines Mills,35.3953018,44.1304016,Iraq,Gaines Mills
Sharqat,35.436048,43.220736,Iraq,Sharqat
Bayonet,35.4534,44.34885,Iraq,Bayonet
Kirkurk,35.4534,44.34885,Iraq,Kirkurk
Warrior - Iz,35.4534,44.34885,Iraq,Warrior - Iz
Crazyhorse,35.45607,44.37659,Iraq,Crazyhorse
Pb A,35.45607,44.37659,Iraq,Pb A
Patrol Base B,35.4819984,44.3933983,Iraq,Patrol Base B
Barbarian,35.482034,44.393367,Iraq,Barbarian
K-1,35.512796,44.284392,Iraq,K-1
Sulaymaniyah Intl,35.560833,45.314444,Iraq,Sulaymaniyah Intl
Nepsa,35.577276,43.276913,Iraq,Nepsa
Hateen,35.596091,44.164905,Iraq,Hateen
Sulaminiyah Residence,35.601625,45.278685,Iraq,Sulaminiyah Residence
Andrea,35.6032,45.2779,Iraq,Andrea
Kulsu,35.6032,45.2779,Iraq,Kulsu
Phantom,35.6032,45.2779,Iraq,Phantom
North Retrans,35.620218,44.268836,Iraq,North Retrans
Aitha,35.626957,43.227704,Iraq,Aitha
Cottrell,35.626957,43.227704,Iraq,Cottrell
Dibbis,35.6551,44.0656,Iraq,Dibbis
Jaguar,35.69078,42.82639,Iraq,Jaguar
Makhmoor,35.75,43.6,Iraq,Makhmoor
Washash,35.750006,41.937812,Iraq,Washash
Al Tun Kapri,35.75884,44.14173,Iraq,Al Tun Kapri
Suse,35.76291,45.138025,Iraq,Suse
Q-West Base Complex,35.7640991,43.1242981,Iraq,Q-West Base Complex
Endurance,35.76495,43.12499,Iraq,Endurance
JAG North,35.76495,43.12499,Iraq,JAG North
Makhmur,35.779937,43.574115,Iraq,Makhmur
Sahl Sinjare,35.8577,42.1506,Iraq,Sahl Sinjare
Tel Abta,35.9166666,42.7166666,Iraq,Tel Abta
Ash Shura,35.963523,43.200141,Iraq,Ash Shura
Jss Tal Abtah,35.995943,42.594506,Iraq,Jss Tal Abtah
It2,35.998618,42.827914,Iraq,It2
Al-Ba'aj,36.033,41.733,Iraq,Al-Ba'aj
Baaj,36.033,41.733,Iraq,Baaj
Al Aleel,36.068513,43.294929,Iraq,Al Aleel
Retrans South,36.1328011,43.1302986,Iraq,Retrans South
Erbil,36.133,43.583,Iraq,Erbil
Aggies,36.1595,43.2487,Iraq,Aggies
Zaytun,36.1999016,43.9388008,Iraq,Zaytun
Irbil Residence Office,36.22976,43.9963,Iraq,Irbil Residence Office
Ghost,36.2298012,43.9962997,Iraq,Ghost
Erbeel,36.2375,43.963056,Iraq,Erbeel
Erbil Intl,36.2375,43.963056,Iraq,Erbil Intl
Tel Afar,36.267,42.4,Iraq,Tel Afar
Tel Afer,36.267,42.4,Iraq,Tel Afer
Sinjar,36.267,41.817,Iraq,Sinjar
Cos Irbil,36.2673,43.9254,Iraq,Cos Irbil
Fulda,36.2853,42.41235,Iraq,Fulda
Munsan,36.2853,42.41235,Iraq,Munsan
Sykes,36.2853,42.41235,Iraq,Sykes
Tall Afa,36.2853,42.41235,Iraq,Tall Afa
Nimr,36.285475,41.818869,Iraq,Nimr
Spear,36.299939,43.114567,Iraq,Spear
Mosul,36.3,43.15,Iraq,Mosul
Marez,36.3013992,43.1288986,Iraq,Marez
Kaiser,36.304314,43.531271,Iraq,Kaiser
Rock,36.30834,43.201268,Iraq,Rock
Muntheria-Khosravi,34.389221,45.470482,Iraq,Muntheria-Khosravi
Mountain,36.313223,43.202826,Iraq,Mountain
Diamondback,36.3177986,43.1430016,Iraq,Diamondback
Zakho,36.32,41.82,Iraq,Zakho
Stark,36.33594,43.14348,Iraq,Stark
Intisar,36.335961,43.217022,Iraq,Intisar
Rabiy,36.336177,43.095567,Iraq,Rabiy
Fortitude,36.3376999,43.1497002,Iraq,Fortitude
Patriot,36.33792,43.14889,Iraq,Patriot
Widowmaker,36.33792,43.14889,Iraq,Widowmaker
Scorpion North,36.341633,43.070049,Iraq,Scorpion North
Jss Scorpian,36.3491,43.0718,Iraq,Jss Scorpian
Imn,36.353682,43.231258,Iraq,Imn
Power,36.35441,43.2167,Iraq,Power
Castle,36.354947,43.2497,Iraq,Castle
Inman,36.359507,43.060897,Iraq,Inman
Jss Hotel,36.361299,43.113132,Iraq,Jss Hotel
Sallahdeen,36.383,44.2,Iraq,Sallahdeen
Courage,36.3931999,43.1222992,Iraq,Courage
Sinjar Retrans,36.39464,41.85547,Iraq,Sinjar Retrans
Badoush,36.399512,42.961598,Iraq,Badoush
Al Kindi,36.406036,43.137525,Iraq,Al Kindi
Fort,36.40819,42.555467,Iraq,Fort
Al Kisik,36.500914,42.56864,Iraq,Al Kisik
Bashur,36.533,44.333,Iraq,Bashur
Round Top,36.6413994,44.5220985,Iraq,Round Top
Aqrah,36.75,43.89,Iraq,Aqrah
Rabia,36.8,42.1,Iraq,Rabia
Rabiah,36.8,42.1,Iraq,Rabiah
Al Hiedier,36.803064,42.078103,Iraq,Al Hiedier
Duhok,36.8666666,43,Iraq,Duhok
Duhook,36.8666666,43,Iraq,Duhook
Soran,36.8666666,44.6333333,Iraq,Soran
Dahuk CMOC,36.86955,42.98335,Iraq,Dahuk CMOC
Phoenix,36.8695984,42.9833984,Iraq,Phoenix
Dahuk Training Center 1,36.908115,43.125023,Iraq,Dahuk Training Center 1
Zawita Compound,36.908115,43.125023,Iraq,Zawita Compound
Dahuk Training Center 2,37.083192,42.400487,Iraq,Dahuk Training Center 2
Habur Gate,37.138628,42.570117,Iraq,Habur Gate
Sary-Tas,39.73,73.27,Kyrgyzstan,Sary-Tas
Gulca,40.317,73.55,Kyrgyzstan,Gulca
Osh,40.53,72.8,Kyrgyzstan,Osh
Kara-Suu,40.69,72.89,Kyrgyzstan,Kara-Suu
Dzhalal-Abad,40.9166666,72.95,Kyrgyzstan,Dzhalal-Abad
Naryn,41.42,76,Kyrgyzstan,Naryn
Toktogul,41.833,72.867,Kyrgyzstan,Toktogul
Tian-Shan',41.88,78.23,Kyrgyzstan,Tian-Shan'
Catkal River,41.9,71.35,Kyrgyzstan,Catkal River
Susamyr,42.15,73.97,Kyrgyzstan,Susamyr
Darhan,42.317,77.9,Kyrgyzstan,Darhan
Kyzyl-Suu,42.35,78.35,Kyrgyzstan,Kyzyl-Suu
Rybacje,42.46,76.18,Kyrgyzstan,Rybacje
Talas,42.51,72.25,Kyrgyzstan,Talas
Cholpon Ata,42.65,77.1,Kyrgyzstan,Cholpon Ata
Colpon-Ata,42.65,77.1,Kyrgyzstan,Colpon-Ata
Tokmak,42.82,75.27,Kyrgyzstan,Tokmak
Belovodskoe,42.84,74.1,Kyrgyzstan,Belovodskoe
Bishkek,42.84,74.52,Kyrgyzstan,Bishkek
Manas,43.061306,74.477556,Kyrgyzstan,Manas
Wafra,28.556,48.06,Kuwait,Wafra
Arifjan,28.8348007,48.1940994,Kuwait,Arifjan
Camp Arifjan,28.8784,48.1597,Kuwait,Camp Arifjan
Ahmed Al Jaber Ab,28.934917,47.791972,Kuwait,Ahmed Al Jaber Ab
Al Jaber,28.934917,47.791972,Kuwait,Al Jaber
Salmiyah,29.02,48.15,Kuwait,Salmiyah
Shuaybah (Spoe),29.0440998,48.1548996,Kuwait,Shuaybah (Spoe)
Managish,29.0666666,47.5333333,Kuwait,Managish
Salmy,29.1,46.6833333,Kuwait,Salmy
Taa Fox,29.1240005,47.5634995,Kuwait,Taa Fox
Kcia,29.2243996,47.9567986,Kuwait,Kcia
Kuwait International,29.226667,47.98,Kuwait,Kuwait International
Wolverine Apoe,29.2299995,47.9813995,Kuwait,Wolverine Apoe
Jahra,29.27,47.43,Kuwait,Jahra
Rabyah,29.283,47.933,Kuwait,Rabyah
Abraque Mazraa,29.3,47,Kuwait,Abraque Mazraa
Al-Bayda,29.333,48.05,Kuwait,Al-Bayda
Kuwait City,29.333,48.05,Kuwait,Kuwait City
Ali Al Salem,29.346667,47.520556,Kuwait,Ali Al Salem
Shuwaik Port,29.3530998,47.9131012,Kuwait,Shuwaik Port
Camp Doha,29.3654003,47.8068008,Kuwait,Camp Doha
Camp Virginia,29.4403992,47.4664001,Kuwait,Camp Virginia
Taa Coyote,29.5758991,47.6880989,Kuwait,Taa Coyote
Jal Aliyah,29.583,47.483,Kuwait,Jal Aliyah
Camp New Jersey,29.6128998,47.4205017,Kuwait,Camp New Jersey
Camp New York,29.6665993,47.4171982,Kuwait,Camp New York
Buehring,29.697778,47.426389,Kuwait,Buehring
Udairi,29.697778,47.426389,Kuwait,Udairi
Camp Buehring,29.7068996,47.4249992,Kuwait,Camp Buehring
Sabriyah,29.75,47.85,Kuwait,Sabriyah
Mitribah,29.8166666,47.35,Kuwait,Mitribah
Abdaly,30.066,47.683,Kuwait,Abdaly
Al Udeid,25.1166667,51.3166667,Qatar,Al Udeid
Al Uedid,25.118611,51.318611,Qatar,Al Uedid
Doha Intl,25.261111,51.565,Qatar,Doha Intl
FOB Volturno,33.34302,43.8552,Iraq,FOB Volturno
Camp Fallujah,33.315264,43.883169,Iraq,Camp Fallujah
MEK Compound,33.315264,43.883169,Iraq,MEK Compound
Mujahedin-E Khalq Compound,33.315264,43.883169,Iraq,Mujahedin-E Khalq Compound
Fiddlers Green,31.34011,64.20237,Afghanistan,
Garcia,34.41098,70.86817,Afghanistan,
Geronimo,31.40181,64.25923,Afghanistan,
Hadrian,32.62833,65.49139,Afghanistan,
Hanson,31.52287,64.12238,Afghanistan,
Jaghato,33.81976,68.40969,Afghanistan,
Jaker,31.3904,64.31764,Afghanistan,
Kessler,31.71583333,65.70333333,Afghanistan,
Khayor Khot Castle,32.85667,69.18146,Afghanistan,
Morales-Frazier,34.95987,69.577,Afghanistan,
Munoz,32.98466,69.37904,Afghanistan,
Payne,31.43403,64.95773,Afghanistan,
Penich,34.63378,70.89103,Afghanistan,
Pennsylvania,32.2718,65.06498,Afghanistan,
Pul A Sayad,34.99955,69.30855,Afghanistan,
Rankel,30.7136,64.12384,Afghanistan,
Shewan Garrison,32.61558,62.50031,Afghanistan,
Shoja,31.51474,65.57753,Afghanistan,
Sian Choy,31.52076,65.38797,Afghanistan,
Smart,32.10536,66.91514,Afghanistan,
Sultan Kheyl,33.8665,68.64786,Afghanistan,
Walton,31.61543,65.79645,Afghanistan,
Wilson (SW),31.58333,65.43333,Afghanistan,
Zeebrugee,36.82561,65.2104,Afghanistan,
